{
  "scores": {
    "01ai_yi": 42.66764705882353,
    "deepseek_v3": 87.82205882352942,
    "meta_llama3": 81.9904411764706,
    "grok2": 86.03970588235293,
    "gemini1_5": 87.20808823529411,
    "thudm_glm4": 74.3970588235294,
    "github_copilot": 87.03161764705884,
    "trae": 79.96691176470588,
    "tabnine": 52.06617647058823,
    "nous_hermes3": 83.96470588235292,
    "mythalion": 1.427941176470588,
    "jetbrain_junie": 86.48235294117647,
    "qwen2": 45.10367647058824,
    "nova_pro": 62.86764705882352,
    "nvidia_llama3": 91.56838235294117,
    "qodo": 91.56397058823529,
    "sourcegraph": 86.58235294117648,
    "tabbyml": 5.3786764705882355,
    "phi4": 43.52647058823529,
    "mythomax": 6.165441176470587,
    "cline": 82.80514705882354,
    "windsurf": 61.65588235294117,
    "firebase": 56.00882352941176,
    "aider": 91.59779411764706,
    "cohere_commandr": 41.03161764705883,
    "cursor": 87.27720588235294,
    "claude3_5sonnet": 83.74852941176472,
    "replit": 56.55220588235295,
    "codex_edu": 86.7529411764706,
    "perplexity_sonar": 35.41323529411764,
    "pycharm": 86.17647058823528,
    "dolphin_mixtral": 66.40735294117646,
    "sarvam_m": 22.51838235294117,
    "codex": 87.70514705882351,
    "gpt4": 55.003676470588246,
    "zed": 86.56911764705885,
    "a21_jamba": 22.45441176470589,
    "amazonq": 87.40735294117648
  },
  "raw_scores": {
    "aider": 100.0,
    "nvidia_llama3": 100.0,
    "qodo": 100.0,
    "codex": 100.0,
    "amazonq": 100.0,
    "gemini1_5": 100.0,
    "github_copilot": 100.0,
    "pycharm": 100.0,
    "grok2": 94.11764705882352,
    "cursor": 100.0,
    "zed": 100.0,
    "deepseek_v3": 100.0,
    "codex_edu": 98.52941176470588,
    "sourcegraph": 100.0,
    "jetbrain_junie": 100.0,
    "nous_hermes3": 95.58823529411765,
    "trae": 89.70588235294117,
    "claude3_5sonnet": 100.0,
    "cline": 95.58823529411765,
    "meta_llama3": 91.17647058823529,
    "thudm_glm4": 79.41176470588235,
    "dolphin_mixtral": 73.52941176470588,
    "nova_pro": 70.58823529411765,
    "windsurf": 70.58823529411765,
    "replit": 69.11764705882352,
    "firebase": 64.70588235294117,
    "gpt4": 63.23529411764706,
    "tabnine": 60.29411764705882,
    "qwen2": 58.82352941176471,
    "phi4": 51.470588235294116,
    "01ai_yi": 54.41176470588235,
    "cohere_commandr": 48.529411764705884,
    "perplexity_sonar": 39.705882352941174,
    "a21_jamba": 41.17647058823529,
    "sarvam_m": 27.941176470588236,
    "mythomax": 11.76470588235294,
    "tabbyml": 10.294117647058822,
    "mythalion": 1.4705882352941175
  },
  "run_count": 20
}